{"Epoch": 99, "Average training loss": 2.818468129193341, "Average validation loss": 0.35543980449438095, "cur_least_epoch": 0, "Validation Accuracy": 0, "_timestamp": 1665406936.495095, "_runtime": 41106.854226112366, "_step": 99, "_wandb": {"runtime": 41106}}