{"Epoch": 9, "Average training loss": 1.5760677905730258, "Average validation loss": 0.3166596192556123, "cur_least_epoch": 0, "Validation Accuracy": 0, "_timestamp": 1665365107.1337576, "_runtime": 4326.0912046432495, "_step": 9, "_wandb": {"runtime": 4326}}