{"Epoch": 49, "Average training loss": 0.013539320955995792, "Average validation loss": 0.013495718262025289, "Validation Accuracy": 0, "_timestamp": 1664956762.896986, "_runtime": 19055.1782579422, "_step": 49, "_wandb": {"runtime": 19055}}