{"Epoch": 0, "Average training loss": 0.016581079796140576, "Average validation loss": 0.014619446359574795, "Validation Accuracy": 0.015755364671349525, "_timestamp": 1664147892.9554584, "_runtime": 588.0805654525757, "_step": 0}