{"Epoch": 49, "Average training loss": 0.014604744323195867, "Average validation loss": 0.014275506050104187, "Validation Accuracy": 0.015429207123816013, "_timestamp": 1664174767.2872674, "_runtime": 27462.41237449646, "_step": 49, "_wandb": {"runtime": 27462}}