{"Epoch": 99, "Average training loss": 0.416088111606645, "Average validation loss": 0.6314145865894499, "cur_least_epoch": 17, "Validation Accuracy": 0, "_timestamp": 1665611572.1746905, "_runtime": 20504.371644496918, "_step": 99, "_wandb": {"runtime": 20504}}