{"Epoch": 99, "Average training loss": 0.012976054688570675, "Average validation loss": 0.014092183849286465, "Validation Accuracy": 0.016262071207165718, "_timestamp": 1664258360.5073817, "_runtime": 53883.8396217823, "_step": 99, "_wandb": {"runtime": 53883}}