{"Epoch": 47, "Average training loss": 0.014000277770798148, "Average validation loss": 0.013736622408032417, "Validation Accuracy": 0.016436154022812843, "_timestamp": 1664230502.2139926, "_runtime": 26025.546232700348, "_step": 47}