{"Epoch": 499, "Average training loss": 0.10258941352367401, "Average validation loss": 0.575663685798645, "cur_least_epoch": 499, "Validation Accuracy": 0, "_timestamp": 1665590688.8519409, "_runtime": 40.14657783508301, "_step": 499, "_wandb": {"runtime": 39}}