{"Epoch": 189, "Average training loss": 0.005471746509112877, "Average validation loss": 0.020375391956241357, "Validation Accuracy": 0, "_timestamp": 1664904526.5451632, "_runtime": 74408.38861107826, "_step": 189}