{"Epoch": 7, "Average training loss": 0.015397747185219217, "Average validation loss": 0.013814502484386875, "Validation Accuracy": 0, "_timestamp": 1664833262.014219, "_runtime": 3143.8576669692993, "_step": 7}