{"Epoch": 187, "Average training loss": 0.0054780997042716655, "Average validation loss": 0.020356120009507452, "Validation Accuracy": 0, "_timestamp": 1664903736.162913, "_runtime": 73618.00636100769, "_step": 187}