{"Epoch": 27, "Average training loss": 0.626207709312439, "Average validation loss": 0.6728536486625671, "cur_least_epoch": 27, "Validation Accuracy": 0, "_timestamp": 1665590403.9067512, "_runtime": 551.4625420570374, "_step": 27}