{"Epoch": 9, "Average training loss": 0.2224598079919815, "Average validation loss": 0.6942742466926575, "cur_least_epoch": 0, "Validation Accuracy": 0, "_timestamp": 1665117746.8477533, "_runtime": 15.710068225860596, "_step": 9, "_wandb": {"runtime": 15}}