{"Epoch": 99, "Average training loss": 0.2169109284877777, "Average validation loss": 0.7284365892410278, "Validation Accuracy": 0.3965303599834442, "_timestamp": 1664555844.4201314, "_runtime": 112.97195243835449, "_step": 99, "_wandb": {"runtime": 112}}