{"Epoch": 34, "Average training loss": 0.015228403036563117, "Average validation loss": 0.01389687251122225, "Validation Accuracy": 0.01645379699766636, "_timestamp": 1664573740.9950595, "_runtime": 17438.2863945961, "_step": 34}