{"Epoch": 48, "Average training loss": 0.01403848601528156, "Average validation loss": 0.013705360614472912, "Validation Accuracy": 0.016402974724769592, "_timestamp": 1664403626.0328825, "_runtime": 26349.830709457397, "_step": 48}