{"Epoch": 9, "Average training loss": 0.2224598079919815, "Average validation loss": 0.6942742466926575, "cur_least_epoch": 0, "Validation Accuracy": 0, "_timestamp": 1665118295.7133772, "_runtime": 17.38741135597229, "_step": 9, "_wandb": {"runtime": 17}}