{"Epoch": 99, "Average training loss": NaN, "Average validation loss": NaN, "Validation Accuracy": 0.007709392812103033, "_timestamp": 1664359301.207929, "_runtime": 53355.62086701393, "_step": 99, "_wandb": {"runtime": 53355}}