{"Epoch": 25, "Average training loss": 0.6314842700958252, "Average validation loss": 0.6740111708641052, "cur_least_epoch": 25, "Validation Accuracy": 0, "_timestamp": 1666389651.8884742, "_runtime": 35.366276264190674, "_step": 25}